2025-07-09 09:59:22,Drowsiness Detected
2025-07-09 10:00:25,Drowsiness Detected
2025-07-09 11:13:50,Drowsiness Detected
2025-07-09 11:39:03,Drowsiness Detected
2025-07-09 16:42:06,Drowsiness Detected
2025-07-09 16:44:03,Drowsiness Detected
2025-07-09 16:44:16,Drowsiness Detected
2025-07-09 16:44:28,Drowsiness Detected
2025-07-09 16:44:42,Drowsiness Detected
2025-07-09 16:44:51,Drowsiness Detected
2025-07-09 16:45:16,Drowsiness Detected
2025-07-09 20:42:39,Drowsiness Detected
2025-07-09 20:43:24,Drowsiness Detected
